<?xml version="1.0" encoding="UTF-8"?>
<!DOCTYPE hibernate-mapping PUBLIC "-//Hibernate Mapping DTD 3.0//EN"
		"http://www.hibernate.org/dtd/hibernate-mapping-3.0.dtd">

<hibernate-mapping>  
    <class name="com.ideas2it.employee.model.Employee" table="employee" > 
        <id name = "employeeId" column = "E_Id">
        <generator class="native"></generator>
        </id>
        <property name="name" column ="E_Name" />
	<property name="dateOfBirth" column ="Date_Of_Birth" />
	<property name="dateOfJoin" column ="Date_Of_Join" />
        <property name="gender" column ="Gender" />
        <property name="phoneNumber" column ="Phone_Number" />
        <property name="emailId" column ="Email_Id" />
        <property name="salary" column ="Salary" />
        <property name="aadharId" column ="Aadhar_Id" />
        <property name="bloodGroup" column ="Blood_Group" />
        <many-to-one name = "role" class = "com.ideas2it.employee.model.Role" 
               not-null="true" column="Role_Id" unique="true" cascade = "all" fetch = "join">
	</many-to-one>
        <many-to-one name = "qualification" class = "com.ideas2it.employee.model.Qualification" 
               not-null="true" column="Qualification_Id" unique="true" cascade = "all" fetch="join">
	</many-to-one>       	         
    </class>		
</hibernate-mapping>