<?xml version="1.0" encoding="UTF-8"?>
<!DOCTYPE hibernate-configuration PUBLIC 
  "-//Hibernate/Hibernate Configuration DTD 3.0//EN" 
  "http://www.hibernate.org/dtd/hibernate-configuration-3.0.dtd">

<hibernate-configuration>
    <session-factory>
        <property name = "connection.driver_class">com.mysql.cj.jdbc.Driver</property>
        <property name = "connection.url">jdbc:mysql://localhost:3306/employee_db</property>
        <property name = "connection.username">root</property>
	<property name = "connection.password">Rasikai2i*</property>

	<property name = "connection.pool_size">1</property>
	<property name = "dialect">org.hibernate.dialect.MySQL5Dialect</property>          
        <property name = "format_sql">true</property> 
	<property name = "hbm2ddl.auto">update</property>

	<mapping resource = "Employee.hbm.xml"/>
        <mapping resource = "Trainer.hbm.xml"/>
        <mapping resource = "Trainee.hbm.xml"/>
        <mapping resource = "Role.hbm.xml" />
        <mapping resource = "Qualification.hbm.xml" />
        
    </session-factory>
</hibernate-configuration>