<?xml version="1.0" encoding="UTF-8"?>
<!DOCTYPE hibernate-mapping PUBLIC "-//Hibernate Mapping DTD 3.0//EN"
		"http://www.hibernate.org/dtd/hibernate-mapping-3.0.dtd">

<hibernate-mapping>  
    <class name="com.ideas2it.employee.model.Qualification" table="Qualification" > 
          
          <id name = "qualificationId" column = "Qualification_id">
              <generator class="native"></generator>
          </id>
          <property name = "qualification" column = "Qualification"></property>
     </class>  
</hibernate-mapping>